name,shot_made_flag,shot_type,shot_distance,x,y,,
Stephen Curry,1,2PT Field Goal,1,0,14,,-67
Stephen Curry,1,2PT Field Goal,4,26,36,,0
Stephen Curry,1,2PT Field Goal,5,50,12,,
Stephen Curry,1,2PT Field Goal,9,6,91,,
Stephen Curry,1,2PT Field Goal,4,47,6,,
Stephen Curry,0,2PT Field Goal,1,-4,15,,
Stephen Curry,0,2PT Field Goal,2,-7,28,,
Stephen Curry,1,2PT Field Goal,2,17,19,,
Stephen Curry,0,2PT Field Goal,1,-15,-2,,
Stephen Curry,1,2PT Field Goal,2,20,19,,
Stephen Curry,1,2PT Field Goal,2,13,20,,
Stephen Curry,1,2PT Field Goal,2,9,26,,
Stephen Curry,1,2PT Field Goal,1,-15,-3,,
Stephen Curry,1,2PT Field Goal,0,2,0,,
Stephen Curry,1,2PT Field Goal,1,-8,7,,
Stephen Curry,0,2PT Field Goal,1,0,12,,
Stephen Curry,1,2PT Field Goal,2,14,17,,
Stephen Curry,1,2PT Field Goal,3,15,26,,
Stephen Curry,1,2PT Field Goal,1,-11,14,,
Stephen Curry,1,2PT Field Goal,1,-16,4,,
Stephen Curry,0,2PT Field Goal,2,1,20,,
Stephen Curry,1,2PT Field Goal,2,6,22,,
Stephen Curry,1,2PT Field Goal,1,10,14,,
Stephen Curry,1,2PT Field Goal,1,15,0,,
Stephen Curry,0,2PT Field Goal,2,-18,14,,
Stephen Curry,1,2PT Field Goal,2,7,22,,
Stephen Curry,1,2PT Field Goal,1,-16,6,,
Stephen Curry,1,2PT Field Goal,1,12,12,,
Stephen Curry,1,2PT Field Goal,3,9,33,,
Stephen Curry,1,2PT Field Goal,3,29,15,,
Stephen Curry,1,2PT Field Goal,3,6,30,,
Stephen Curry,0,2PT Field Goal,1,9,15,,
Stephen Curry,1,2PT Field Goal,2,0,23,,
Stephen Curry,1,2PT Field Goal,1,-10,-8,,
Stephen Curry,0,2PT Field Goal,3,4,31,,
Stephen Curry,1,2PT Field Goal,2,-10,20,,
Stephen Curry,1,2PT Field Goal,1,12,1,,
Stephen Curry,1,2PT Field Goal,2,23,12,,
Stephen Curry,1,2PT Field Goal,1,0,17,,
Stephen Curry,1,2PT Field Goal,1,12,4,,
Stephen Curry,1,2PT Field Goal,1,-15,3,,
Stephen Curry,1,2PT Field Goal,2,18,22,,
Stephen Curry,1,2PT Field Goal,0,6,4,,
Stephen Curry,0,2PT Field Goal,9,-89,39,,
Stephen Curry,1,2PT Field Goal,3,31,7,,
Stephen Curry,0,2PT Field Goal,3,-10,37,,
Stephen Curry,0,2PT Field Goal,4,6,44,,
Stephen Curry,1,2PT Field Goal,4,20,45,,
Stephen Curry,0,2PT Field Goal,5,-13,52,,
Stephen Curry,0,2PT Field Goal,3,-24,22,,
Stephen Curry,1,2PT Field Goal,3,29,12,,
Stephen Curry,0,2PT Field Goal,5,10,53,,
Stephen Curry,1,2PT Field Goal,7,-56,52,,
Stephen Curry,0,2PT Field Goal,5,56,4,,
Stephen Curry,0,2PT Field Goal,3,-4,34,,
Stephen Curry,1,2PT Field Goal,0,-2,-3,,
Stephen Curry,0,2PT Field Goal,2,-5,20,,
Stephen Curry,1,2PT Field Goal,2,17,12,,
Stephen Curry,1,2PT Field Goal,2,13,17,,
Stephen Curry,1,2PT Field Goal,2,10,22,,
Stephen Curry,1,2PT Field Goal,0,6,1,,
Stephen Curry,1,2PT Field Goal,1,13,15,,
Stephen Curry,0,2PT Field Goal,0,-5,-2,,
Stephen Curry,1,2PT Field Goal,1,-11,12,,
Stephen Curry,1,2PT Field Goal,1,13,11,,
Stephen Curry,1,2PT Field Goal,1,10,6,,
Stephen Curry,1,2PT Field Goal,0,9,3,,
Stephen Curry,1,2PT Field Goal,3,-21,26,,
Stephen Curry,1,2PT Field Goal,2,17,19,,
Stephen Curry,1,2PT Field Goal,2,-21,0,,
Stephen Curry,1,2PT Field Goal,1,-10,-5,,
Stephen Curry,1,2PT Field Goal,1,-11,12,,
Stephen Curry,1,2PT Field Goal,1,10,9,,
Stephen Curry,1,2PT Field Goal,1,17,3,,
Stephen Curry,0,2PT Field Goal,0,-4,0,,
Stephen Curry,1,2PT Field Goal,0,-5,-2,,
Stephen Curry,1,2PT Field Goal,0,-2,7,,
Stephen Curry,1,2PT Field Goal,4,34,22,,
Stephen Curry,1,2PT Field Goal,1,-18,1,,
Stephen Curry,1,2PT Field Goal,1,-15,1,,
Stephen Curry,0,2PT Field Goal,2,1,26,,
Stephen Curry,1,2PT Field Goal,2,-27,11,,
Stephen Curry,1,2PT Field Goal,2,23,15,,
Stephen Curry,1,2PT Field Goal,0,-8,4,,
Stephen Curry,1,2PT Field Goal,1,1,11,,
Stephen Curry,1,2PT Field Goal,3,-26,17,,
Stephen Curry,1,2PT Field Goal,1,1,12,,
Stephen Curry,1,2PT Field Goal,1,-11,3,,
Stephen Curry,1,2PT Field Goal,2,24,9,,
Stephen Curry,1,2PT Field Goal,1,-15,11,,
Stephen Curry,1,2PT Field Goal,4,28,31,,
Stephen Curry,1,2PT Field Goal,1,-11,6,,
Stephen Curry,0,2PT Field Goal,0,7,7,,
Stephen Curry,1,2PT Field Goal,1,-11,7,,
Stephen Curry,1,2PT Field Goal,1,-5,15,,
Stephen Curry,1,2PT Field Goal,1,-4,-10,,
Stephen Curry,1,2PT Field Goal,2,-15,17,,
Stephen Curry,0,2PT Field Goal,0,6,6,,
Stephen Curry,1,2PT Field Goal,0,0,1,,
Stephen Curry,1,2PT Field Goal,1,-2,19,,
Stephen Curry,1,2PT Field Goal,1,-2,-10,,
Stephen Curry,1,2PT Field Goal,0,-4,3,,
Stephen Curry,1,2PT Field Goal,0,6,3,,
Stephen Curry,1,2PT Field Goal,1,13,11,,
Stephen Curry,1,2PT Field Goal,2,20,-2,,
Stephen Curry,1,2PT Field Goal,1,9,15,,
Stephen Curry,0,2PT Field Goal,1,18,0,,
Stephen Curry,0,2PT Field Goal,2,-18,15,,
Stephen Curry,1,2PT Field Goal,2,0,22,,
Stephen Curry,1,2PT Field Goal,1,15,1,,
Stephen Curry,1,2PT Field Goal,0,-7,3,,
Stephen Curry,0,2PT Field Goal,0,9,0,,
Stephen Curry,1,2PT Field Goal,1,-11,7,,
Stephen Curry,1,2PT Field Goal,3,32,3,,
Stephen Curry,1,2PT Field Goal,0,7,4,,
Stephen Curry,1,2PT Field Goal,0,0,1,,
Stephen Curry,0,2PT Field Goal,2,15,17,,
Stephen Curry,0,2PT Field Goal,1,-2,17,,
Stephen Curry,1,2PT Field Goal,1,-10,1,,
Stephen Curry,1,2PT Field Goal,0,2,1,,
Stephen Curry,0,2PT Field Goal,1,-10,-2,,
Stephen Curry,0,2PT Field Goal,1,-11,4,,
Stephen Curry,0,2PT Field Goal,0,6,6,,
Stephen Curry,1,2PT Field Goal,1,4,14,,
Stephen Curry,1,2PT Field Goal,0,9,4,,
Stephen Curry,1,2PT Field Goal,3,-29,15,,
Stephen Curry,1,2PT Field Goal,1,-10,1,,
Stephen Curry,0,2PT Field Goal,1,-8,9,,
Stephen Curry,1,2PT Field Goal,1,17,9,,
Stephen Curry,0,2PT Field Goal,2,-21,12,,
Stephen Curry,1,2PT Field Goal,1,10,17,,
Stephen Curry,0,2PT Field Goal,2,15,14,,
Stephen Curry,0,2PT Field Goal,1,-10,7,,
Stephen Curry,1,2PT Field Goal,4,45,6,,
Stephen Curry,1,2PT Field Goal,1,-10,4,,
Stephen Curry,1,2PT Field Goal,2,23,4,,
Stephen Curry,1,2PT Field Goal,0,7,7,,
Stephen Curry,1,2PT Field Goal,1,12,15,,
Stephen Curry,1,2PT Field Goal,1,13,15,,
Stephen Curry,1,2PT Field Goal,1,13,1,,
Stephen Curry,1,2PT Field Goal,0,-8,-2,,
Stephen Curry,1,2PT Field Goal,1,13,-6,,
Stephen Curry,0,2PT Field Goal,2,18,15,,
Stephen Curry,1,2PT Field Goal,0,6,7,,
Stephen Curry,0,2PT Field Goal,2,-6,22,,
Stephen Curry,0,2PT Field Goal,1,0,19,,
Stephen Curry,1,2PT Field Goal,0,7,4,,
Stephen Curry,0,2PT Field Goal,2,-16,17,,
Stephen Curry,0,2PT Field Goal,0,-4,7,,
Stephen Curry,1,2PT Field Goal,1,9,17,,
Stephen Curry,1,2PT Field Goal,1,7,9,,
Stephen Curry,0,2PT Field Goal,2,-23,6,,
Stephen Curry,1,2PT Field Goal,0,9,3,,
Stephen Curry,1,2PT Field Goal,0,-8,0,,
Stephen Curry,1,2PT Field Goal,1,-10,14,,
Stephen Curry,1,2PT Field Goal,0,7,3,,
Stephen Curry,1,2PT Field Goal,0,2,9,,
Stephen Curry,1,2PT Field Goal,1,-15,4,,
Stephen Curry,1,2PT Field Goal,2,24,17,,
Stephen Curry,0,2PT Field Goal,0,4,6,,
Stephen Curry,1,2PT Field Goal,2,-24,3,,
Stephen Curry,1,2PT Field Goal,2,21,12,,
Stephen Curry,1,2PT Field Goal,2,18,15,,
Stephen Curry,1,2PT Field Goal,1,-16,9,,
Stephen Curry,1,2PT Field Goal,3,15,33,,
Stephen Curry,1,2PT Field Goal,0,6,7,,
Stephen Curry,1,2PT Field Goal,1,1,14,,
Stephen Curry,1,2PT Field Goal,1,12,3,,
Stephen Curry,1,2PT Field Goal,1,-10,12,,
Stephen Curry,1,2PT Field Goal,0,-2,-8,,
Stephen Curry,1,2PT Field Goal,1,-8,7,,
Stephen Curry,1,2PT Field Goal,0,-5,-2,,
Stephen Curry,1,2PT Field Goal,1,-15,11,,
Stephen Curry,1,2PT Field Goal,0,9,3,,
Stephen Curry,1,2PT Field Goal,1,-13,4,,
Stephen Curry,1,2PT Field Goal,0,1,3,,
Stephen Curry,1,2PT Field Goal,1,15,9,,
Stephen Curry,0,2PT Field Goal,1,7,9,,
Stephen Curry,0,2PT Field Goal,1,-7,17,,
Stephen Curry,1,2PT Field Goal,1,-18,6,,
Stephen Curry,1,2PT Field Goal,2,-10,20,,
Stephen Curry,1,2PT Field Goal,0,0,1,,
Stephen Curry,1,2PT Field Goal,0,0,1,,
Stephen Curry,1,2PT Field Goal,0,0,1,,
Stephen Curry,1,2PT Field Goal,15,149,39,,
Stephen Curry,1,2PT Field Goal,16,-160,45,,
Stephen Curry,1,3PT Field Goal,27,176,216,,
Stephen Curry,0,2PT Field Goal,18,163,89,,
Stephen Curry,1,2PT Field Goal,10,102,34,,
Stephen Curry,0,3PT Field Goal,26,119,236,,
Stephen Curry,1,2PT Field Goal,17,-175,25,,
Stephen Curry,1,2PT Field Goal,21,173,126,,
Stephen Curry,1,2PT Field Goal,3,28,14,,
Stephen Curry,1,2PT Field Goal,1,6,19,,
Stephen Curry,1,2PT Field Goal,3,0,30,,
Stephen Curry,1,2PT Field Goal,2,-23,-3,,
Stephen Curry,1,2PT Field Goal,10,18,101,,
Stephen Curry,0,2PT Field Goal,8,59,66,,
Stephen Curry,0,2PT Field Goal,5,48,26,,
Stephen Curry,1,2PT Field Goal,6,7,60,,
Stephen Curry,0,2PT Field Goal,11,102,53,,
Stephen Curry,0,2PT Field Goal,9,92,15,,
Stephen Curry,1,2PT Field Goal,3,0,37,,
Stephen Curry,0,2PT Field Goal,10,2,104,,
Stephen Curry,1,2PT Field Goal,4,45,9,,
Stephen Curry,1,2PT Field Goal,11,-4,119,,
Stephen Curry,1,2PT Field Goal,6,4,64,,
Stephen Curry,1,2PT Field Goal,9,-95,30,,
Stephen Curry,0,2PT Field Goal,10,91,42,,
Stephen Curry,1,2PT Field Goal,9,-86,45,,
Stephen Curry,0,2PT Field Goal,6,62,19,,
Stephen Curry,1,2PT Field Goal,17,-109,143,,
Stephen Curry,0,2PT Field Goal,13,31,134,,
Stephen Curry,0,2PT Field Goal,7,28,74,,
Stephen Curry,1,2PT Field Goal,11,-10,112,,
Stephen Curry,0,2PT Field Goal,13,24,135,,
Stephen Curry,1,2PT Field Goal,12,105,60,,
Stephen Curry,0,2PT Field Goal,9,2,96,,
Stephen Curry,0,2PT Field Goal,9,0,99,,
Stephen Curry,1,2PT Field Goal,6,13,64,,
Stephen Curry,1,2PT Field Goal,12,116,34,,
Stephen Curry,0,2PT Field Goal,12,65,104,,
Stephen Curry,1,2PT Field Goal,11,-37,108,,
Stephen Curry,1,2PT Field Goal,7,-51,52,,
Stephen Curry,1,2PT Field Goal,5,-18,50,,
Stephen Curry,0,2PT Field Goal,9,-8,96,,
Stephen Curry,1,2PT Field Goal,10,-2,104,,
Stephen Curry,0,2PT Field Goal,12,-4,121,,
Stephen Curry,0,2PT Field Goal,11,-111,-11,,
Stephen Curry,1,2PT Field Goal,12,-70,105,,
Stephen Curry,0,2PT Field Goal,18,-108,154,,
Stephen Curry,0,2PT Field Goal,6,-45,45,,
Stephen Curry,1,2PT Field Goal,14,65,124,,
Stephen Curry,1,2PT Field Goal,16,122,104,,
Stephen Curry,0,2PT Field Goal,5,6,50,,
Stephen Curry,1,2PT Field Goal,10,-15,107,,
Stephen Curry,0,2PT Field Goal,15,89,131,,
Stephen Curry,0,2PT Field Goal,7,24,69,,
Stephen Curry,1,2PT Field Goal,10,1,107,,
Stephen Curry,0,2PT Field Goal,5,4,56,,
Stephen Curry,0,2PT Field Goal,5,1,52,,
Stephen Curry,0,2PT Field Goal,6,13,67,,
Stephen Curry,0,2PT Field Goal,10,-95,53,,
Stephen Curry,0,2PT Field Goal,9,89,28,,
Stephen Curry,0,2PT Field Goal,18,157,93,,
Stephen Curry,1,2PT Field Goal,15,-152,41,,
Stephen Curry,1,2PT Field Goal,14,-122,75,,
Stephen Curry,0,2PT Field Goal,12,-100,67,,
Stephen Curry,1,2PT Field Goal,6,-64,22,,
Stephen Curry,1,2PT Field Goal,12,-103,77,,
Stephen Curry,1,2PT Field Goal,4,-40,26,,
Stephen Curry,1,3PT Field Goal,26,17,260,,
Stephen Curry,1,2PT Field Goal,5,-51,7,,
Stephen Curry,0,3PT Field Goal,27,-82,260,,
Stephen Curry,0,3PT Field Goal,26,-78,249,,
Stephen Curry,0,3PT Field Goal,25,-56,252,,
Stephen Curry,0,2PT Field Goal,12,102,75,,
Stephen Curry,0,2PT Field Goal,22,147,164,,
Stephen Curry,0,2PT Field Goal,15,-10,151,,
Stephen Curry,0,2PT Field Goal,8,-78,34,,
Stephen Curry,1,3PT Field Goal,24,-18,246,,
Stephen Curry,1,3PT Field Goal,24,225,99,,
Stephen Curry,0,2PT Field Goal,7,62,37,,
Stephen Curry,1,3PT Field Goal,26,-123,230,,
Stephen Curry,1,3PT Field Goal,26,-123,230,,
Stephen Curry,1,3PT Field Goal,24,-199,148,,
Stephen Curry,1,2PT Field Goal,17,-95,151,,
Stephen Curry,1,2PT Field Goal,22,146,170,,
Stephen Curry,1,3PT Field Goal,24,-155,189,,
Stephen Curry,1,3PT Field Goal,22,226,42,,
Stephen Curry,1,3PT Field Goal,24,122,211,,
Stephen Curry,1,3PT Field Goal,25,236,91,,
Stephen Curry,1,3PT Field Goal,27,21,272,,
Stephen Curry,1,3PT Field Goal,23,233,-10,,
Stephen Curry,1,3PT Field Goal,23,-231,22,,
Stephen Curry,1,3PT Field Goal,24,-84,230,,
Stephen Curry,0,3PT Field Goal,25,6,251,,
Stephen Curry,0,3PT Field Goal,28,152,242,,
Stephen Curry,1,3PT Field Goal,26,15,260,,
Stephen Curry,1,3PT Field Goal,25,138,211,,
Stephen Curry,1,3PT Field Goal,28,-188,214,,
Stephen Curry,1,3PT Field Goal,28,-171,224,,
Stephen Curry,1,3PT Field Goal,25,125,220,,
Stephen Curry,0,3PT Field Goal,51,40,518,,
Stephen Curry,1,2PT Field Goal,19,-157,118,,
Stephen Curry,0,3PT Field Goal,24,-138,205,,
Stephen Curry,1,2PT Field Goal,17,108,135,,
Stephen Curry,1,2PT Field Goal,12,53,110,,
Stephen Curry,1,3PT Field Goal,26,-19,268,,
Stephen Curry,1,2PT Field Goal,17,13,175,,
Stephen Curry,1,2PT Field Goal,6,-60,30,,
Stephen Curry,0,3PT Field Goal,24,-79,227,,
Stephen Curry,1,2PT Field Goal,20,-196,60,,
Stephen Curry,1,3PT Field Goal,25,-87,239,,
Stephen Curry,0,2PT Field Goal,21,-169,138,,
Stephen Curry,1,2PT Field Goal,20,-134,154,,
Stephen Curry,1,2PT Field Goal,12,-13,124,,
Stephen Curry,1,2PT Field Goal,19,-133,137,,
Stephen Curry,1,3PT Field Goal,25,-157,195,,
Stephen Curry,0,3PT Field Goal,24,15,241,,
Stephen Curry,1,2PT Field Goal,19,75,181,,
Stephen Curry,1,2PT Field Goal,12,26,127,,
Stephen Curry,1,3PT Field Goal,29,203,209,,
Stephen Curry,1,3PT Field Goal,22,226,23,,
Stephen Curry,0,3PT Field Goal,25,-168,192,,
Stephen Curry,0,3PT Field Goal,23,-232,3,,
Stephen Curry,1,3PT Field Goal,25,-155,198,,
Stephen Curry,1,3PT Field Goal,24,146,200,,
Stephen Curry,1,3PT Field Goal,25,32,257,,
Stephen Curry,1,2PT Field Goal,21,-75,205,,
Stephen Curry,0,2PT Field Goal,18,-27,183,,
Stephen Curry,1,3PT Field Goal,25,-84,241,,
Stephen Curry,0,2PT Field Goal,8,-89,7,,
Stephen Curry,1,2PT Field Goal,5,47,36,,
Stephen Curry,1,3PT Field Goal,25,88,242,,
Stephen Curry,1,3PT Field Goal,26,-163,206,,
Stephen Curry,1,3PT Field Goal,25,-89,242,,
Stephen Curry,1,2PT Field Goal,18,-81,170,,
Stephen Curry,1,3PT Field Goal,25,-4,257,,
Stephen Curry,0,2PT Field Goal,10,95,52,,
Stephen Curry,0,3PT Field Goal,25,4,258,,
Stephen Curry,0,2PT Field Goal,19,-141,137,,
Stephen Curry,1,3PT Field Goal,26,-29,263,,
Stephen Curry,1,3PT Field Goal,27,-114,247,,
Stephen Curry,0,3PT Field Goal,26,114,239,,
Stephen Curry,0,3PT Field Goal,25,173,189,,
Stephen Curry,1,3PT Field Goal,24,242,31,,
Stephen Curry,1,3PT Field Goal,24,24,246,,
Stephen Curry,0,3PT Field Goal,24,-144,203,,
Stephen Curry,0,3PT Field Goal,25,86,244,,
Stephen Curry,1,3PT Field Goal,24,-231,86,,
Stephen Curry,1,3PT Field Goal,24,-59,241,,
Stephen Curry,1,3PT Field Goal,25,160,194,,
Stephen Curry,1,3PT Field Goal,25,51,247,,
Stephen Curry,1,3PT Field Goal,24,-15,246,,
Stephen Curry,1,3PT Field Goal,24,-201,138,,
Stephen Curry,0,2PT Field Goal,13,62,121,,
Stephen Curry,1,3PT Field Goal,24,-136,203,,
Stephen Curry,0,3PT Field Goal,24,236,44,,
Stephen Curry,0,3PT Field Goal,24,-168,179,,
Stephen Curry,0,3PT Field Goal,25,141,209,,
Stephen Curry,0,2PT Field Goal,21,-127,170,,
Stephen Curry,0,2PT Field Goal,21,-97,192,,
Stephen Curry,0,3PT Field Goal,29,-48,295,,
Stephen Curry,1,3PT Field Goal,26,-15,260,,
Stephen Curry,0,3PT Field Goal,25,125,227,,
Stephen Curry,0,2PT Field Goal,4,-24,33,,
Stephen Curry,0,3PT Field Goal,25,89,238,,
Stephen Curry,0,2PT Field Goal,22,21,228,,
Stephen Curry,0,3PT Field Goal,23,-232,14,,
Stephen Curry,0,2PT Field Goal,19,17,190,,
Stephen Curry,1,3PT Field Goal,24,-242,-8,,
Stephen Curry,1,3PT Field Goal,25,92,233,,
Stephen Curry,1,3PT Field Goal,24,84,231,,
Stephen Curry,0,3PT Field Goal,40,-202,353,,
Stephen Curry,1,2PT Field Goal,4,40,6,,
Stephen Curry,1,3PT Field Goal,24,21,246,,
Stephen Curry,1,3PT Field Goal,25,26,252,,
Stephen Curry,0,3PT Field Goal,26,61,260,,
Stephen Curry,0,3PT Field Goal,24,-60,242,,
Stephen Curry,0,3PT Field Goal,28,165,235,,
Stephen Curry,0,3PT Field Goal,25,173,183,,
Stephen Curry,0,2PT Field Goal,4,39,30,,
Stephen Curry,0,2PT Field Goal,19,132,146,,
Stephen Curry,0,2PT Field Goal,3,0,33,,
Stephen Curry,0,2PT Field Goal,18,-130,127,,
Stephen Curry,0,3PT Field Goal,25,-5,255,,
Stephen Curry,1,3PT Field Goal,23,230,22,,
Stephen Curry,1,3PT Field Goal,24,-229,89,,
Stephen Curry,0,3PT Field Goal,31,212,239,,
Stephen Curry,1,3PT Field Goal,24,116,217,,
Stephen Curry,1,3PT Field Goal,26,143,219,,
Stephen Curry,1,3PT Field Goal,25,-217,134,,
Stephen Curry,1,3PT Field Goal,25,214,137,,
Stephen Curry,0,3PT Field Goal,23,237,-6,,
Stephen Curry,0,2PT Field Goal,8,-18,88,,
Stephen Curry,0,3PT Field Goal,26,203,167,,
Stephen Curry,0,2PT Field Goal,16,32,159,,
Stephen Curry,0,3PT Field Goal,25,121,230,,
Stephen Curry,1,3PT Field Goal,22,-228,1,,
Stephen Curry,1,3PT Field Goal,24,15,249,,
Stephen Curry,1,3PT Field Goal,25,-4,250,,
Stephen Curry,0,3PT Field Goal,26,124,236,,
Stephen Curry,0,3PT Field Goal,25,-116,225,,
Stephen Curry,1,3PT Field Goal,26,34,263,,
Stephen Curry,1,2PT Field Goal,17,152,82,,
Stephen Curry,1,3PT Field Goal,25,214,137,,
Stephen Curry,1,3PT Field Goal,23,-235,-10,,
Stephen Curry,1,2PT Field Goal,21,165,143,,
Stephen Curry,1,3PT Field Goal,25,135,213,,
Stephen Curry,1,3PT Field Goal,24,-18,247,,
Stephen Curry,0,3PT Field Goal,27,-130,247,,
Stephen Curry,0,3PT Field Goal,26,203,173,,
Stephen Curry,0,2PT Field Goal,15,110,115,,
Stephen Curry,0,3PT Field Goal,25,-98,235,,
Stephen Curry,0,2PT Field Goal,17,-130,123,,
Stephen Curry,0,2PT Field Goal,3,-29,19,,
Stephen Curry,0,3PT Field Goal,23,193,140,,
Stephen Curry,0,3PT Field Goal,27,192,197,,
Stephen Curry,0,3PT Field Goal,25,-210,145,,
Stephen Curry,0,3PT Field Goal,25,168,187,,
Stephen Curry,0,2PT Field Goal,22,122,189,,
Stephen Curry,1,3PT Field Goal,23,15,239,,
Stephen Curry,0,2PT Field Goal,4,-23,36,,
Stephen Curry,0,3PT Field Goal,27,177,208,,
Stephen Curry,0,2PT Field Goal,21,102,189,,
Stephen Curry,0,3PT Field Goal,27,-34,272,,
Stephen Curry,0,3PT Field Goal,22,223,31,,
Stephen Curry,1,3PT Field Goal,26,-68,255,,
Stephen Curry,0,3PT Field Goal,26,-194,184,,
Stephen Curry,0,3PT Field Goal,26,-111,244,,
Stephen Curry,0,3PT Field Goal,24,42,242,,
Stephen Curry,0,3PT Field Goal,24,-131,205,,
Stephen Curry,0,3PT Field Goal,25,-128,217,,
Stephen Curry,0,3PT Field Goal,26,116,242,,
Stephen Curry,0,3PT Field Goal,25,230,107,,
Stephen Curry,0,3PT Field Goal,24,239,26,,
Stephen Curry,1,3PT Field Goal,26,-127,236,,
Stephen Curry,0,3PT Field Goal,24,37,247,,
Stephen Curry,0,2PT Field Goal,20,-207,-14,,
Stephen Curry,0,3PT Field Goal,24,-172,175,,
Stephen Curry,0,3PT Field Goal,26,91,252,,
Stephen Curry,0,2PT Field Goal,10,0,107,,
Stephen Curry,0,3PT Field Goal,22,226,9,,
Stephen Curry,0,2PT Field Goal,18,119,146,,
Stephen Curry,0,2PT Field Goal,16,168,4,,
Stephen Curry,0,2PT Field Goal,16,-157,31,,
Stephen Curry,0,2PT Field Goal,23,-160,168,,
Stephen Curry,0,3PT Field Goal,25,18,252,,
Stephen Curry,0,2PT Field Goal,21,-18,217,,
Stephen Curry,0,2PT Field Goal,18,-133,134,,
Stephen Curry,0,3PT Field Goal,25,64,246,,
Stephen Curry,0,2PT Field Goal,22,140,172,,
Stephen Curry,0,3PT Field Goal,27,-27,272,,
Stephen Curry,0,3PT Field Goal,26,124,235,,
Stephen Curry,0,3PT Field Goal,23,-232,6,,
Stephen Curry,0,3PT Field Goal,26,118,241,,
Stephen Curry,0,3PT Field Goal,23,-237,6,,
Stephen Curry,0,3PT Field Goal,25,-56,250,,
Stephen Curry,0,3PT Field Goal,27,129,242,,
Stephen Curry,0,3PT Field Goal,29,77,285,,
Stephen Curry,0,3PT Field Goal,25,171,183,,
Stephen Curry,0,3PT Field Goal,26,146,222,,
Stephen Curry,0,3PT Field Goal,23,147,189,,
Stephen Curry,0,2PT Field Goal,20,-68,189,,
Stephen Curry,1,3PT Field Goal,25,-100,233,,
Stephen Curry,1,3PT Field Goal,24,-199,145,,
Stephen Curry,0,3PT Field Goal,24,-243,0,,
Stephen Curry,1,3PT Field Goal,26,-52,255,,
Stephen Curry,0,3PT Field Goal,27,-183,205,,
Stephen Curry,0,2PT Field Goal,20,-109,170,,
Stephen Curry,0,3PT Field Goal,24,106,225,,
Stephen Curry,0,2PT Field Goal,3,0,37,,
Stephen Curry,0,3PT Field Goal,24,100,225,,
Stephen Curry,0,2PT Field Goal,9,-10,99,,
Stephen Curry,0,2PT Field Goal,10,-4,102,,
Stephen Curry,1,2PT Field Goal,15,-62,138,,
Stephen Curry,1,3PT Field Goal,23,-229,26,,
Stephen Curry,1,2PT Field Goal,17,-119,131,,
Stephen Curry,0,2PT Field Goal,3,-2,33,,
Stephen Curry,0,3PT Field Goal,24,12,247,,
Stephen Curry,0,3PT Field Goal,25,65,246,,
Stephen Curry,0,3PT Field Goal,25,147,203,,
Stephen Curry,0,3PT Field Goal,24,-4,244,,
Stephen Curry,0,3PT Field Goal,25,218,138,,
Stephen Curry,0,2PT Field Goal,22,-188,119,,
Stephen Curry,0,2PT Field Goal,17,-101,146,,
Stephen Curry,0,3PT Field Goal,24,-10,247,,
Stephen Curry,0,3PT Field Goal,24,-71,235,,
Stephen Curry,1,3PT Field Goal,25,23,255,,
Stephen Curry,0,3PT Field Goal,25,174,189,,
Stephen Curry,0,3PT Field Goal,24,84,233,,
Stephen Curry,0,2PT Field Goal,21,-101,189,,
Stephen Curry,0,3PT Field Goal,25,24,254,,
Stephen Curry,1,3PT Field Goal,28,13,280,,
Stephen Curry,0,2PT Field Goal,19,10,195,,
Stephen Curry,0,3PT Field Goal,25,-34,257,,
Stephen Curry,0,3PT Field Goal,27,-201,190,,
Stephen Curry,0,3PT Field Goal,24,-164,187,,
Stephen Curry,0,3PT Field Goal,25,86,241,,
Stephen Curry,0,2PT Field Goal,21,193,105,,
Stephen Curry,0,3PT Field Goal,28,-136,252,,
Stephen Curry,0,3PT Field Goal,25,-78,246,,
Stephen Curry,0,3PT Field Goal,25,103,235,,
Stephen Curry,0,3PT Field Goal,23,236,6,,
Stephen Curry,0,2PT Field Goal,5,-46,28,,
Stephen Curry,0,2PT Field Goal,12,119,31,,
Stephen Curry,0,2PT Field Goal,16,-130,97,,
Stephen Curry,0,3PT Field Goal,23,-235,25,,
Stephen Curry,0,2PT Field Goal,3,26,22,,
Stephen Curry,0,3PT Field Goal,28,-127,252,,
Stephen Curry,0,2PT Field Goal,21,-210,42,,
Stephen Curry,0,3PT Field Goal,25,147,213,,
Stephen Curry,0,3PT Field Goal,24,-109,220,,
Stephen Curry,0,3PT Field Goal,25,-119,222,,
Stephen Curry,0,3PT Field Goal,23,-229,26,,
Stephen Curry,0,2PT Field Goal,8,0,88,,
Stephen Curry,0,3PT Field Goal,25,-128,217,,
Stephen Curry,0,3PT Field Goal,26,179,192,,
Stephen Curry,0,3PT Field Goal,24,127,214,,
Stephen Curry,0,3PT Field Goal,25,-202,149,,
Stephen Curry,0,3PT Field Goal,28,-136,246,,
Stephen Curry,0,2PT Field Goal,19,-82,179,,
Stephen Curry,0,3PT Field Goal,24,176,175,,
Stephen Curry,0,3PT Field Goal,25,220,124,,
Stephen Curry,0,3PT Field Goal,25,-21,255,,
Stephen Curry,0,3PT Field Goal,24,209,126,,
Stephen Curry,0,3PT Field Goal,23,233,56,,
Stephen Curry,0,2PT Field Goal,21,24,216,,
Stephen Curry,0,3PT Field Goal,25,-127,219,,
Stephen Curry,0,3PT Field Goal,25,-70,246,,
Stephen Curry,0,3PT Field Goal,24,-16,249,,
Stephen Curry,0,3PT Field Goal,25,146,208,,
Stephen Curry,0,2PT Field Goal,16,24,159,,
Stephen Curry,0,3PT Field Goal,27,9,272,,
Stephen Curry,0,3PT Field Goal,26,-166,206,,
Stephen Curry,0,2PT Field Goal,20,-103,173,,
Stephen Curry,0,3PT Field Goal,26,174,201,,
Stephen Curry,0,3PT Field Goal,25,200,164,,
Stephen Curry,0,2PT Field Goal,21,72,203,,
Stephen Curry,0,3PT Field Goal,26,-101,242,,
Stephen Curry,0,2PT Field Goal,19,-149,119,,
Stephen Curry,0,2PT Field Goal,5,-15,53,,
Stephen Curry,0,2PT Field Goal,8,-27,80,,
Stephen Curry,1,3PT Field Goal,26,91,247,,
Stephen Curry,0,3PT Field Goal,28,-34,287,,
Stephen Curry,1,3PT Field Goal,25,147,209,,
Stephen Curry,0,2PT Field Goal,16,122,116,,
Stephen Curry,1,3PT Field Goal,25,144,213,,
Stephen Curry,0,2PT Field Goal,23,94,216,,
Stephen Curry,1,3PT Field Goal,25,21,255,,
Stephen Curry,0,3PT Field Goal,28,146,241,,
Stephen Curry,1,2PT Field Goal,22,129,183,,
Stephen Curry,0,3PT Field Goal,24,-166,186,,
Stephen Curry,0,3PT Field Goal,25,124,225,,
Stephen Curry,0,2PT Field Goal,22,-185,127,,
Stephen Curry,0,3PT Field Goal,28,195,201,,
Stephen Curry,0,3PT Field Goal,25,108,230,,
Stephen Curry,0,3PT Field Goal,25,-149,208,,
Stephen Curry,0,3PT Field Goal,24,173,172,,
Stephen Curry,0,2PT Field Goal,16,-164,0,,
Stephen Curry,0,3PT Field Goal,24,-109,219,,
Stephen Curry,0,3PT Field Goal,26,125,236,,
Stephen Curry,0,2PT Field Goal,20,-163,116,,
Stephen Curry,0,3PT Field Goal,24,59,241,,
Stephen Curry,0,2PT Field Goal,12,0,126,,
Stephen Curry,0,3PT Field Goal,24,-183,159,,
Stephen Curry,0,2PT Field Goal,12,32,116,,
Stephen Curry,0,3PT Field Goal,25,4,250,,
Stephen Curry,0,3PT Field Goal,24,144,201,,
Stephen Curry,0,3PT Field Goal,24,54,241,,
Stephen Curry,0,2PT Field Goal,22,-119,190,,
Stephen Curry,0,3PT Field Goal,25,-10,250,,
Stephen Curry,0,3PT Field Goal,23,-231,4,,
Stephen Curry,0,3PT Field Goal,27,-152,233,,
Stephen Curry,0,2PT Field Goal,18,135,129,,
Stephen Curry,0,3PT Field Goal,27,-7,271,,
Stephen Curry,0,2PT Field Goal,10,18,99,,
Stephen Curry,0,2PT Field Goal,7,62,41,,
Stephen Curry,0,2PT Field Goal,17,-73,157,,
Stephen Curry,0,3PT Field Goal,25,-54,246,,
Stephen Curry,0,3PT Field Goal,24,-175,173,,
Stephen Curry,0,3PT Field Goal,26,29,260,,
Stephen Curry,0,2PT Field Goal,12,-101,72,,
Stephen Curry,0,3PT Field Goal,24,-29,247,,
Stephen Curry,0,3PT Field Goal,25,1,252,,
Stephen Curry,0,3PT Field Goal,24,168,181,,
Stephen Curry,0,2PT Field Goal,20,-207,31,,
Stephen Curry,0,3PT Field Goal,26,209,165,,
Stephen Curry,0,3PT Field Goal,25,-164,200,,
Stephen Curry,0,2PT Field Goal,4,24,37,,
Stephen Curry,0,2PT Field Goal,3,-26,30,,
Stephen Curry,0,3PT Field Goal,25,111,231,,
Stephen Curry,0,3PT Field Goal,26,174,195,,
Stephen Curry,0,3PT Field Goal,25,-32,257,,
Stephen Curry,0,2PT Field Goal,10,32,105,,
Stephen Curry,0,2PT Field Goal,18,-128,140,,
Stephen Curry,0,2PT Field Goal,19,-199,-3,,
Stephen Curry,0,2PT Field Goal,20,124,157,,
Stephen Curry,1,3PT Field Goal,27,211,172,,
Stephen Curry,1,3PT Field Goal,24,-19,246,,
Stephen Curry,0,3PT Field Goal,25,113,233,,
Stephen Curry,0,3PT Field Goal,24,124,216,,
Stephen Curry,0,3PT Field Goal,26,207,165,,
Stephen Curry,0,3PT Field Goal,26,-105,238,,
Stephen Curry,0,3PT Field Goal,26,173,198,,
Stephen Curry,0,3PT Field Goal,26,-76,257,,
Stephen Curry,0,3PT Field Goal,25,181,183,,
Stephen Curry,0,2PT Field Goal,8,-86,4,,
Stephen Curry,0,3PT Field Goal,24,37,242,,
Stephen Curry,0,3PT Field Goal,26,146,222,,
Stephen Curry,0,2PT Field Goal,3,-19,33,,
Stephen Curry,0,3PT Field Goal,25,-131,220,,
Stephen Curry,1,2PT Field Goal,18,-108,149,,
Stephen Curry,0,3PT Field Goal,26,-210,162,,
Stephen Curry,1,3PT Field Goal,24,236,72,,
Stephen Curry,0,3PT Field Goal,25,-207,143,,
Stephen Curry,0,3PT Field Goal,25,-147,213,,
Stephen Curry,1,3PT Field Goal,25,86,236,,
Stephen Curry,1,3PT Field Goal,25,7,258,,
Stephen Curry,1,3PT Field Goal,26,-125,228,,
Stephen Curry,1,3PT Field Goal,25,-23,252,,
Stephen Curry,1,3PT Field Goal,25,135,220,,
Stephen Curry,1,2PT Field Goal,12,-112,53,,
Stephen Curry,0,2PT Field Goal,23,64,224,,
Stephen Curry,0,3PT Field Goal,22,225,0,,
Stephen Curry,0,2PT Field Goal,3,26,19,,
Stephen Curry,0,3PT Field Goal,26,59,260,,
Stephen Curry,0,2PT Field Goal,20,-15,205,,
Stephen Curry,0,2PT Field Goal,21,-89,192,,
Stephen Curry,1,3PT Field Goal,23,233,36,,
Stephen Curry,1,3PT Field Goal,26,-127,228,,
Stephen Curry,1,3PT Field Goal,25,86,244,,
Stephen Curry,0,3PT Field Goal,25,-100,239,,
Stephen Curry,0,3PT Field Goal,26,-209,167,,
Stephen Curry,1,3PT Field Goal,27,-120,250,,
Stephen Curry,0,2PT Field Goal,3,-10,30,,
Stephen Curry,0,3PT Field Goal,26,-188,186,,
Stephen Curry,0,2PT Field Goal,11,-11,115,,
Stephen Curry,1,3PT Field Goal,24,132,201,,
Stephen Curry,1,3PT Field Goal,25,89,238,,
Stephen Curry,1,2PT Field Goal,22,209,94,,
Stephen Curry,1,3PT Field Goal,26,114,235,,
Stephen Curry,1,3PT Field Goal,24,61,238,,
Stephen Curry,1,3PT Field Goal,25,209,138,,
Stephen Curry,0,2PT Field Goal,21,152,154,,
Stephen Curry,0,3PT Field Goal,26,75,258,,
Stephen Curry,0,3PT Field Goal,25,122,222,,
Stephen Curry,0,2PT Field Goal,23,106,205,,
Stephen Curry,0,3PT Field Goal,23,147,189,,
Stephen Curry,0,3PT Field Goal,25,-103,238,,
Stephen Curry,0,3PT Field Goal,25,-86,238,,
Stephen Curry,0,3PT Field Goal,25,-98,236,,
Stephen Curry,1,3PT Field Goal,25,72,242,,
Stephen Curry,0,3PT Field Goal,23,231,-3,,
Stephen Curry,1,2PT Field Goal,10,-103,-2,,
Stephen Curry,1,3PT Field Goal,23,226,71,,
Stephen Curry,1,2PT Field Goal,22,-75,213,,
Stephen Curry,1,3PT Field Goal,26,214,153,,
Stephen Curry,1,3PT Field Goal,23,-232,6,,
Stephen Curry,0,2PT Field Goal,16,151,53,,
Stephen Curry,0,3PT Field Goal,26,125,235,,
Stephen Curry,0,2PT Field Goal,9,75,61,,
Stephen Curry,0,2PT Field Goal,19,125,156,,
Stephen Curry,0,2PT Field Goal,15,-65,140,,
Stephen Curry,0,3PT Field Goal,24,-169,178,,
Stephen Curry,0,3PT Field Goal,23,-229,67,,
Stephen Curry,0,3PT Field Goal,23,234,25,,
Stephen Curry,1,3PT Field Goal,25,116,224,,
Stephen Curry,1,3PT Field Goal,23,-201,131,,
Stephen Curry,1,3PT Field Goal,22,226,-3,,
Stephen Curry,1,2PT Field Goal,20,64,192,,
Stephen Curry,1,3PT Field Goal,23,-235,12,,
Stephen Curry,1,3PT Field Goal,24,92,228,,
Stephen Curry,1,3PT Field Goal,24,-11,241,,
Stephen Curry,0,3PT Field Goal,24,9,246,,
Stephen Curry,0,3PT Field Goal,22,228,14,,
Stephen Curry,0,3PT Field Goal,24,73,233,,
Stephen Curry,0,3PT Field Goal,24,-213,121,,
Stephen Curry,0,2PT Field Goal,15,113,102,,
Stephen Curry,0,3PT Field Goal,25,-144,213,,
Stephen Curry,0,3PT Field Goal,26,47,263,,
Stephen Curry,1,3PT Field Goal,26,146,227,,
Stephen Curry,1,3PT Field Goal,26,97,246,,
Stephen Curry,1,3PT Field Goal,26,-32,261,,
Stephen Curry,1,3PT Field Goal,26,-116,236,,
Stephen Curry,1,3PT Field Goal,25,-92,236,,
Stephen Curry,0,3PT Field Goal,25,-93,238,,
Stephen Curry,1,3PT Field Goal,27,-71,269,,
Stephen Curry,0,3PT Field Goal,28,152,242,,
Stephen Curry,1,3PT Field Goal,26,-81,249,,
Stephen Curry,1,3PT Field Goal,25,-198,164,,
Stephen Curry,1,3PT Field Goal,28,124,252,,
Stephen Curry,1,2PT Field Goal,17,114,138,,
Stephen Curry,0,2PT Field Goal,3,7,33,,
Stephen Curry,0,2PT Field Goal,22,-112,192,,
Stephen Curry,0,3PT Field Goal,27,-4,274,,
Stephen Curry,0,3PT Field Goal,26,72,254,,
Stephen Curry,0,3PT Field Goal,27,144,236,,
Stephen Curry,0,2PT Field Goal,3,-15,26,,
Stephen Curry,1,3PT Field Goal,24,193,156,,
Stephen Curry,1,3PT Field Goal,23,233,0,,
Stephen Curry,0,2PT Field Goal,21,108,184,,
Stephen Curry,1,3PT Field Goal,25,10,252,,
Stephen Curry,0,3PT Field Goal,24,-174,170,,
Stephen Curry,0,3PT Field Goal,24,78,230,,
Stephen Curry,0,3PT Field Goal,24,-128,205,,
Stephen Curry,0,3PT Field Goal,26,185,183,,
Stephen Curry,0,3PT Field Goal,24,0,242,,
Stephen Curry,0,2PT Field Goal,13,-133,20,,
Stephen Curry,0,2PT Field Goal,17,-29,175,,
Stephen Curry,0,3PT Field Goal,23,231,-11,,
Stephen Curry,1,2PT Field Goal,21,-174,119,,
Stephen Curry,1,3PT Field Goal,26,152,222,,
Stephen Curry,0,2PT Field Goal,15,-16,154,,
Stephen Curry,0,3PT Field Goal,25,141,213,,
Stephen Curry,0,3PT Field Goal,25,-122,228,,
Stephen Curry,0,3PT Field Goal,25,-175,181,,
Stephen Curry,0,3PT Field Goal,25,163,201,,
Stephen Curry,0,2PT Field Goal,22,-155,162,,
Stephen Curry,0,3PT Field Goal,25,28,258,,
Stephen Curry,0,2PT Field Goal,14,72,124,,
Stephen Curry,1,3PT Field Goal,22,226,6,,
Stephen Curry,1,2PT Field Goal,19,-38,189,,
Stephen Curry,1,3PT Field Goal,26,-133,228,,
Stephen Curry,1,3PT Field Goal,24,234,85,,
Stephen Curry,1,3PT Field Goal,23,-235,14,,
Stephen Curry,1,3PT Field Goal,26,149,214,,
Stephen Curry,0,2PT Field Goal,5,47,20,,
Stephen Curry,1,3PT Field Goal,24,108,217,,
Stephen Curry,1,2PT Field Goal,17,0,176,,
Stephen Curry,1,3PT Field Goal,25,0,257,,
Stephen Curry,1,3PT Field Goal,25,121,224,,
Stephen Curry,0,3PT Field Goal,78,-187,758,,
Stephen Curry,1,2PT Field Goal,19,64,189,,
Stephen Curry,0,3PT Field Goal,25,-79,246,,
Stephen Curry,0,3PT Field Goal,24,239,64,,
Stephen Curry,0,3PT Field Goal,25,170,190,,
Stephen Curry,0,3PT Field Goal,24,110,222,,
Stephen Curry,1,3PT Field Goal,26,103,239,,
Stephen Curry,0,3PT Field Goal,27,118,247,,
Stephen Curry,0,2PT Field Goal,14,-144,36,,
Stephen Curry,0,3PT Field Goal,26,-127,233,,
Stephen Curry,0,3PT Field Goal,26,185,184,,
Stephen Curry,0,3PT Field Goal,25,-191,170,,
Stephen Curry,0,2PT Field Goal,4,-16,47,,
Stephen Curry,0,3PT Field Goal,27,135,242,,
Stephen Curry,1,3PT Field Goal,24,177,173,,
Stephen Curry,0,3PT Field Goal,23,28,238,,
Stephen Curry,0,2PT Field Goal,18,18,186,,
Stephen Curry,0,3PT Field Goal,29,-120,266,,
Stephen Curry,0,2PT Field Goal,18,-122,137,,
Stephen Curry,0,3PT Field Goal,25,1,254,,
Stephen Curry,1,2PT Field Goal,20,-207,-10,,
Stephen Curry,0,2PT Field Goal,17,-38,170,,
Stephen Curry,1,3PT Field Goal,23,-232,-17,,
Stephen Curry,1,2PT Field Goal,19,-56,183,,
Stephen Curry,0,2PT Field Goal,19,114,154,,
Stephen Curry,1,3PT Field Goal,26,2,266,,
Stephen Curry,1,3PT Field Goal,23,-234,-3,,
Stephen Curry,1,2PT Field Goal,6,61,22,,
Stephen Curry,1,3PT Field Goal,24,-239,42,,
Stephen Curry,0,3PT Field Goal,25,1,258,,
Stephen Curry,0,3PT Field Goal,25,-35,255,,
Stephen Curry,0,3PT Field Goal,26,-70,260,,
Stephen Curry,0,3PT Field Goal,25,9,258,,
Stephen Curry,0,3PT Field Goal,26,171,198,,
Stephen Curry,1,2PT Field Goal,20,-108,175,,
Stephen Curry,1,3PT Field Goal,28,163,228,,
Stephen Curry,1,3PT Field Goal,22,228,20,,
Stephen Curry,1,3PT Field Goal,22,-223,34,,
Stephen Curry,0,2PT Field Goal,21,129,172,,
Stephen Curry,0,3PT Field Goal,26,-163,213,,
Stephen Curry,1,3PT Field Goal,23,234,33,,
Stephen Curry,0,3PT Field Goal,25,-97,233,,
Stephen Curry,1,3PT Field Goal,23,-232,9,,
Stephen Curry,0,3PT Field Goal,32,157,279,,
Stephen Curry,1,3PT Field Goal,26,-209,156,,
Stephen Curry,1,3PT Field Goal,25,110,230,,
Stephen Curry,1,2PT Field Goal,17,-108,132,,
Stephen Curry,0,3PT Field Goal,28,-152,241,,
Stephen Curry,0,3PT Field Goal,26,13,269,,
Stephen Curry,0,3PT Field Goal,25,-221,135,,
Stephen Curry,1,3PT Field Goal,26,72,258,,
Stephen Curry,1,3PT Field Goal,28,-71,272,,
Stephen Curry,1,2PT Field Goal,20,103,183,,
Stephen Curry,1,3PT Field Goal,24,-175,176,,
Stephen Curry,1,3PT Field Goal,23,233,47,,
Stephen Curry,1,3PT Field Goal,29,-30,290,,
Stephen Curry,0,3PT Field Goal,25,151,209,,
Stephen Curry,0,3PT Field Goal,26,-119,233,,
Stephen Curry,1,2PT Field Goal,23,184,138,,
Stephen Curry,1,3PT Field Goal,25,225,127,,
Stephen Curry,0,3PT Field Goal,24,54,244,,
Stephen Curry,0,3PT Field Goal,28,-193,205,,
Stephen Curry,0,2PT Field Goal,19,110,159,,
Stephen Curry,0,2PT Field Goal,8,-8,89,,
Stephen Curry,0,2PT Field Goal,8,58,61,,
Stephen Curry,0,3PT Field Goal,25,177,183,,
Stephen Curry,0,3PT Field Goal,27,-105,250,,
Stephen Curry,1,3PT Field Goal,23,230,37,,
Stephen Curry,0,2PT Field Goal,23,-213,91,,
Stephen Curry,0,2PT Field Goal,22,-134,184,,
Stephen Curry,0,3PT Field Goal,25,-144,211,,
Stephen Curry,0,3PT Field Goal,25,-75,239,,
Stephen Curry,0,3PT Field Goal,24,77,231,,
Stephen Curry,0,2PT Field Goal,22,-205,82,,
Stephen Curry,0,2PT Field Goal,13,-86,110,,
Stephen Curry,0,2PT Field Goal,5,-51,17,,
Stephen Curry,1,3PT Field Goal,26,-149,222,,
Stephen Curry,1,2PT Field Goal,19,42,195,,
Stephen Curry,0,3PT Field Goal,26,116,235,,
Stephen Curry,0,2PT Field Goal,16,103,124,,
Stephen Curry,0,2PT Field Goal,13,132,23,,
Stephen Curry,0,3PT Field Goal,25,125,217,,
Stephen Curry,0,3PT Field Goal,26,124,239,,
Stephen Curry,0,2PT Field Goal,22,53,214,,
Stephen Curry,0,2PT Field Goal,22,-146,167,,
Stephen Curry,0,3PT Field Goal,25,56,250,,
Stephen Curry,1,3PT Field Goal,25,54,247,,
Stephen Curry,1,3PT Field Goal,26,-202,167,,
Stephen Curry,0,2PT Field Goal,20,61,198,,
Stephen Curry,0,2PT Field Goal,19,89,173,,
Stephen Curry,0,3PT Field Goal,28,-35,283,,
Stephen Curry,0,3PT Field Goal,26,47,261,,
Stephen Curry,0,3PT Field Goal,29,157,244,,
Stephen Curry,1,3PT Field Goal,26,206,165,,
Stephen Curry,1,2PT Field Goal,19,-40,192,,
Stephen Curry,1,3PT Field Goal,26,13,260,,
Stephen Curry,1,3PT Field Goal,23,-229,34,,
Stephen Curry,0,2PT Field Goal,22,0,224,,
Stephen Curry,1,3PT Field Goal,27,113,247,,
Stephen Curry,0,2PT Field Goal,10,20,102,,
Stephen Curry,1,2PT Field Goal,20,-78,189,,
Stephen Curry,0,2PT Field Goal,1,-5,17,,
Stephen Curry,1,2PT Field Goal,2,-19,9,,
Stephen Curry,0,2PT Field Goal,2,28,1,,
Stephen Curry,1,2PT Field Goal,2,-29,0,,
Stephen Curry,0,2PT Field Goal,2,26,-3,,
Stephen Curry,1,2PT Field Goal,1,-10,0,,
Stephen Curry,1,2PT Field Goal,2,1,28,,
Stephen Curry,0,2PT Field Goal,1,13,1,,
Stephen Curry,0,2PT Field Goal,2,15,17,,
Stephen Curry,0,2PT Field Goal,1,10,0,,
Stephen Curry,0,2PT Field Goal,1,-11,11,,
Stephen Curry,1,2PT Field Goal,1,18,1,,
Stephen Curry,1,2PT Field Goal,1,0,12,,
Stephen Curry,0,2PT Field Goal,2,20,4,,
Stephen Curry,1,2PT Field Goal,1,-10,4,,
Stephen Curry,0,2PT Field Goal,2,-21,6,,
Stephen Curry,0,2PT Field Goal,3,1,36,,
Stephen Curry,0,2PT Field Goal,2,-11,22,,
Stephen Curry,0,2PT Field Goal,1,10,12,,
Stephen Curry,1,2PT Field Goal,0,0,-5,,
Stephen Curry,1,2PT Field Goal,1,0,15,,
Stephen Curry,1,2PT Field Goal,1,13,1,,
Stephen Curry,0,2PT Field Goal,1,-11,-3,,
Stephen Curry,1,2PT Field Goal,1,-11,-2,,
Stephen Curry,1,2PT Field Goal,2,26,0,,
Stephen Curry,0,2PT Field Goal,2,6,25,,
Stephen Curry,0,2PT Field Goal,1,0,12,,
Stephen Curry,0,2PT Field Goal,2,23,11,,
Stephen Curry,0,2PT Field Goal,2,0,23,,
Stephen Curry,0,2PT Field Goal,2,-19,15,,
Stephen Curry,0,2PT Field Goal,0,-8,-3,,
Stephen Curry,0,2PT Field Goal,2,-24,9,,
Stephen Curry,0,2PT Field Goal,0,-5,6,,
Stephen Curry,0,2PT Field Goal,2,-16,19,,
Stephen Curry,1,2PT Field Goal,1,7,11,,
Stephen Curry,1,2PT Field Goal,0,6,4,,
Stephen Curry,1,2PT Field Goal,2,-21,6,,
Stephen Curry,0,2PT Field Goal,2,12,23,,
Stephen Curry,0,2PT Field Goal,1,6,17,,
Stephen Curry,0,2PT Field Goal,1,9,12,,
Stephen Curry,1,2PT Field Goal,0,-2,0,,
Stephen Curry,0,2PT Field Goal,0,-7,4,,
Stephen Curry,0,2PT Field Goal,0,0,3,,
Stephen Curry,1,2PT Field Goal,0,-5,-5,,
Stephen Curry,1,2PT Field Goal,1,7,14,,
Stephen Curry,0,2PT Field Goal,2,18,19,,
Stephen Curry,0,2PT Field Goal,2,-18,15,,
Stephen Curry,1,2PT Field Goal,2,18,12,,
Stephen Curry,0,2PT Field Goal,0,9,1,,
Stephen Curry,0,2PT Field Goal,2,17,22,,
Stephen Curry,1,2PT Field Goal,2,15,20,,
Stephen Curry,1,2PT Field Goal,0,7,0,,
Stephen Curry,0,2PT Field Goal,2,2,20,,
Stephen Curry,0,2PT Field Goal,2,15,25,,
Stephen Curry,0,2PT Field Goal,2,23,6,,
Stephen Curry,1,2PT Field Goal,0,4,-3,,
Stephen Curry,1,2PT Field Goal,0,-2,4,,
Stephen Curry,0,2PT Field Goal,5,50,1,,
Stephen Curry,0,2PT Field Goal,2,9,25,,
Stephen Curry,1,2PT Field Goal,1,6,12,,
Stephen Curry,0,2PT Field Goal,2,18,22,,
Stephen Curry,1,2PT Field Goal,1,13,14,,
Stephen Curry,0,2PT Field Goal,1,10,1,,
Stephen Curry,0,2PT Field Goal,1,9,9,,
Stephen Curry,0,2PT Field Goal,16,113,116,,
Stephen Curry,1,3PT Field Goal,26,20,266,,
Stephen Curry,1,2PT Field Goal,13,-127,45,,
Stephen Curry,1,2PT Field Goal,10,-87,58,,
Stephen Curry,0,3PT Field Goal,24,-134,209,,
Stephen Curry,1,3PT Field Goal,28,133,247,,
Stephen Curry,0,2PT Field Goal,20,-105,179,,
Stephen Curry,1,3PT Field Goal,27,-205,189,,
Stephen Curry,0,3PT Field Goal,27,-79,266,,
Stephen Curry,1,2PT Field Goal,14,2,145,,
Stephen Curry,1,3PT Field Goal,23,-239,15,,
Stephen Curry,1,3PT Field Goal,25,105,233,,
Stephen Curry,1,2PT Field Goal,14,-2,149,,
Stephen Curry,1,3PT Field Goal,31,-134,285,,
Stephen Curry,1,3PT Field Goal,24,-240,-5,,
Stephen Curry,1,3PT Field Goal,25,-101,238,,
Stephen Curry,0,3PT Field Goal,25,-52,254,,
Stephen Curry,0,3PT Field Goal,25,-18,258,,
Stephen Curry,1,3PT Field Goal,23,233,4,,
Stephen Curry,1,3PT Field Goal,25,228,110,,
Stephen Curry,1,2PT Field Goal,19,102,170,,
Stephen Curry,1,2PT Field Goal,21,-141,167,,
Stephen Curry,1,3PT Field Goal,25,77,242,,
Stephen Curry,0,3PT Field Goal,26,-157,219,,
Stephen Curry,1,3PT Field Goal,27,136,235,,
Stephen Curry,1,3PT Field Goal,25,121,225,,
Stephen Curry,1,2PT Field Goal,10,-46,96,,
Stephen Curry,1,3PT Field Goal,26,64,254,,
Stephen Curry,0,3PT Field Goal,25,-205,149,,
Stephen Curry,1,3PT Field Goal,23,-231,50,,
Stephen Curry,0,3PT Field Goal,25,206,145,,
Stephen Curry,0,3PT Field Goal,25,201,153,,
Stephen Curry,1,3PT Field Goal,27,204,181,,
Stephen Curry,1,3PT Field Goal,27,-172,213,,
Stephen Curry,1,3PT Field Goal,24,64,238,,
Stephen Curry,0,2PT Field Goal,19,-105,159,,
Stephen Curry,0,3PT Field Goal,23,-232,26,,
Stephen Curry,0,3PT Field Goal,26,77,252,,
Stephen Curry,1,3PT Field Goal,25,-224,129,,
Stephen Curry,1,2PT Field Goal,19,-136,142,,
Stephen Curry,1,3PT Field Goal,28,-209,189,,
Stephen Curry,0,3PT Field Goal,25,-35,257,,
Stephen Curry,1,3PT Field Goal,25,-16,257,,
Stephen Curry,1,3PT Field Goal,26,-193,183,,
Stephen Curry,1,2PT Field Goal,20,-150,138,,
Stephen Curry,0,3PT Field Goal,29,-193,225,,
Stephen Curry,1,3PT Field Goal,27,163,224,,
Stephen Curry,1,2PT Field Goal,16,83,143,,
Stephen Curry,0,3PT Field Goal,26,163,205,,
Stephen Curry,0,2PT Field Goal,19,-114,153,,
Stephen Curry,1,3PT Field Goal,24,-212,118,,
Stephen Curry,1,3PT Field Goal,27,-52,268,,
Stephen Curry,0,3PT Field Goal,23,-229,52,,
Stephen Curry,1,3PT Field Goal,24,-166,178,,
Stephen Curry,1,3PT Field Goal,28,-40,279,,
Stephen Curry,1,2PT Field Goal,21,-105,190,,
Stephen Curry,0,3PT Field Goal,49,-109,484,,
Stephen Curry,1,3PT Field Goal,23,-234,19,,
Stephen Curry,1,3PT Field Goal,27,163,217,,
Stephen Curry,0,3PT Field Goal,28,144,244,,
Stephen Curry,0,2PT Field Goal,19,129,146,,
Stephen Curry,0,3PT Field Goal,25,-209,140,,
Stephen Curry,1,2PT Field Goal,21,-16,211,,
Stephen Curry,1,3PT Field Goal,26,125,233,,
Stephen Curry,1,3PT Field Goal,26,-109,246,,
Stephen Curry,1,3PT Field Goal,28,132,249,,
Stephen Curry,1,3PT Field Goal,25,-194,164,,
Stephen Curry,1,3PT Field Goal,27,-127,246,,
Stephen Curry,1,3PT Field Goal,26,138,227,,
Stephen Curry,0,3PT Field Goal,25,-52,252,,
Stephen Curry,1,3PT Field Goal,25,-15,254,,
Stephen Curry,0,3PT Field Goal,26,-41,258,,
Stephen Curry,0,3PT Field Goal,28,-92,266,,
Stephen Curry,1,2PT Field Goal,18,136,129,,
Stephen Curry,0,3PT Field Goal,26,-117,236,,
Stephen Curry,0,3PT Field Goal,22,-223,55,,
Stephen Curry,0,3PT Field Goal,28,-196,203,,
Stephen Curry,1,3PT Field Goal,27,154,227,,
Stephen Curry,1,2PT Field Goal,14,59,132,,
Stephen Curry,1,3PT Field Goal,25,209,138,,
Stephen Curry,0,3PT Field Goal,23,231,44,,
Stephen Curry,0,3PT Field Goal,23,234,26,,
Stephen Curry,0,3PT Field Goal,27,-97,252,,
Stephen Curry,0,2PT Field Goal,20,2,209,,
Stephen Curry,1,2PT Field Goal,17,-141,101,,
Stephen Curry,1,3PT Field Goal,27,196,187,,
Stephen Curry,0,2PT Field Goal,19,-177,89,,
Stephen Curry,0,3PT Field Goal,25,203,162,,
Stephen Curry,1,3PT Field Goal,26,75,257,,
Stephen Curry,1,3PT Field Goal,23,-232,26,,
Stephen Curry,1,3PT Field Goal,27,-147,236,,
Stephen Curry,1,3PT Field Goal,23,230,48,,
Stephen Curry,0,2PT Field Goal,4,-23,44,,
Stephen Curry,0,3PT Field Goal,25,176,187,,
Stephen Curry,1,2PT Field Goal,18,61,175,,
Stephen Curry,0,3PT Field Goal,55,-134,534,,
Stephen Curry,1,3PT Field Goal,23,237,4,,
Stephen Curry,0,2PT Field Goal,9,91,31,,
Stephen Curry,0,3PT Field Goal,25,28,255,,
Stephen Curry,0,3PT Field Goal,28,181,214,,
Stephen Curry,1,3PT Field Goal,25,-207,149,,
Stephen Curry,1,3PT Field Goal,25,113,224,,
Stephen Curry,1,3PT Field Goal,26,32,261,,
Stephen Curry,1,3PT Field Goal,23,-234,6,,
Stephen Curry,1,2PT Field Goal,18,-116,142,,
Stephen Curry,1,3PT Field Goal,24,-193,148,,
Stephen Curry,1,3PT Field Goal,26,122,233,,
Stephen Curry,1,2PT Field Goal,14,64,127,,
Stephen Curry,0,3PT Field Goal,25,-205,151,,
Stephen Curry,0,3PT Field Goal,26,-29,265,,
Stephen Curry,0,3PT Field Goal,26,-43,257,,
Stephen Curry,0,3PT Field Goal,24,2,246,,
Stephen Curry,0,3PT Field Goal,23,230,36,,
Stephen Curry,1,3PT Field Goal,26,-38,266,,
Stephen Curry,0,2PT Field Goal,19,-43,187,,
Stephen Curry,0,3PT Field Goal,27,125,247,,
Stephen Curry,0,3PT Field Goal,27,141,236,,
Stephen Curry,0,3PT Field Goal,26,212,154,,
Stephen Curry,0,3PT Field Goal,29,-168,242,,
Stephen Curry,0,3PT Field Goal,53,-164,512,,
Stephen Curry,1,3PT Field Goal,22,-224,52,,
Stephen Curry,1,2PT Field Goal,14,121,86,,
Stephen Curry,1,2PT Field Goal,16,163,33,,
Stephen Curry,1,3PT Field Goal,23,237,15,,
Stephen Curry,1,3PT Field Goal,26,-169,205,,
Stephen Curry,0,2PT Field Goal,22,-111,190,,
Stephen Curry,0,2PT Field Goal,18,-123,143,,
Stephen Curry,1,3PT Field Goal,24,222,108,,
Stephen Curry,1,2PT Field Goal,14,21,148,,
Stephen Curry,0,3PT Field Goal,26,-64,255,,
Stephen Curry,1,2PT Field Goal,18,10,183,,
Stephen Curry,1,3PT Field Goal,26,-52,263,,
Stephen Curry,1,2PT Field Goal,16,-4,162,,
Stephen Curry,1,2PT Field Goal,20,62,194,,
Stephen Curry,1,3PT Field Goal,28,108,260,,
Stephen Curry,0,3PT Field Goal,26,-13,261,,
Stephen Curry,1,2PT Field Goal,20,185,82,,
Stephen Curry,1,3PT Field Goal,31,174,257,,
Stephen Curry,0,2PT Field Goal,19,-194,41,,
Stephen Curry,1,3PT Field Goal,31,-146,277,,
Stephen Curry,0,3PT Field Goal,26,-112,236,,
Stephen Curry,1,2PT Field Goal,19,-138,132,,
Stephen Curry,1,3PT Field Goal,24,-177,172,,
Stephen Curry,1,3PT Field Goal,27,174,209,,
Stephen Curry,1,3PT Field Goal,27,-171,220,,
Stephen Curry,0,3PT Field Goal,27,116,250,,
Stephen Curry,0,3PT Field Goal,28,157,233,,
Stephen Curry,1,3PT Field Goal,29,-95,280,,
Stephen Curry,1,3PT Field Goal,27,176,211,,
Stephen Curry,0,2PT Field Goal,16,124,115,,
Stephen Curry,1,3PT Field Goal,26,-21,260,,
Stephen Curry,1,2PT Field Goal,21,127,176,,
Stephen Curry,0,2PT Field Goal,21,-147,154,,
Stephen Curry,0,2PT Field Goal,21,-209,47,,
Stephen Curry,1,3PT Field Goal,28,181,225,,
Stephen Curry,1,3PT Field Goal,26,168,200,,
Stephen Curry,0,3PT Field Goal,29,-120,274,,
Stephen Curry,0,3PT Field Goal,26,89,246,,
Stephen Curry,0,2PT Field Goal,17,151,91,,
Stephen Curry,0,2PT Field Goal,20,-147,146,,
Stephen Curry,0,3PT Field Goal,26,189,186,,
Stephen Curry,0,3PT Field Goal,28,-40,279,,
Stephen Curry,0,3PT Field Goal,27,140,233,,
Stephen Curry,0,3PT Field Goal,24,13,244,,
Stephen Curry,1,3PT Field Goal,25,-157,203,,
Stephen Curry,1,2PT Field Goal,19,159,112,,
Stephen Curry,0,3PT Field Goal,29,-41,288,,
Stephen Curry,0,3PT Field Goal,25,-70,244,,
Stephen Curry,1,3PT Field Goal,27,-175,209,,
Stephen Curry,1,3PT Field Goal,24,-51,242,,
Stephen Curry,1,3PT Field Goal,24,236,53,,
Stephen Curry,1,2PT Field Goal,21,-117,186,,
Stephen Curry,1,3PT Field Goal,23,230,-14,,
Stephen Curry,0,3PT Field Goal,45,191,418,,
Stephen Curry,0,3PT Field Goal,29,162,246,,
Stephen Curry,1,3PT Field Goal,24,36,247,,
Stephen Curry,1,3PT Field Goal,26,-191,184,,
Stephen Curry,1,3PT Field Goal,25,-8,255,,
Stephen Curry,1,3PT Field Goal,25,218,129,,
Stephen Curry,1,3PT Field Goal,26,-86,247,,
Stephen Curry,0,3PT Field Goal,26,0,265,,
Stephen Curry,0,3PT Field Goal,27,143,230,,
Stephen Curry,1,3PT Field Goal,26,130,235,,
Stephen Curry,1,3PT Field Goal,26,-157,216,,
Stephen Curry,0,3PT Field Goal,28,-123,255,,
Stephen Curry,1,3PT Field Goal,24,-231,74,,
Stephen Curry,1,3PT Field Goal,24,-166,179,,
Stephen Curry,0,2PT Field Goal,21,-149,160,,
Stephen Curry,0,3PT Field Goal,26,17,260,,
Stephen Curry,0,3PT Field Goal,26,-4,260,,
Stephen Curry,1,3PT Field Goal,28,-127,255,,
Stephen Curry,0,3PT Field Goal,25,-213,148,,
Stephen Curry,0,3PT Field Goal,27,-82,263,,
Stephen Curry,0,3PT Field Goal,25,-70,246,,
Stephen Curry,0,3PT Field Goal,28,91,265,,
Stephen Curry,0,3PT Field Goal,25,-182,181,,
Stephen Curry,0,3PT Field Goal,24,211,129,,
Stephen Curry,0,3PT Field Goal,24,239,72,,
Stephen Curry,0,2PT Field Goal,18,-150,104,,
Stephen Curry,0,3PT Field Goal,23,233,34,,
Stephen Curry,0,2PT Field Goal,22,189,113,,
Stephen Curry,1,2PT Field Goal,20,-103,173,,
Stephen Curry,1,3PT Field Goal,24,4,244,,
Stephen Curry,1,2PT Field Goal,16,1,165,,
Stephen Curry,0,3PT Field Goal,27,-106,249,,
Stephen Curry,1,3PT Field Goal,27,18,277,,
Stephen Curry,1,2PT Field Goal,19,-82,175,,
Stephen Curry,1,3PT Field Goal,26,179,192,,
Stephen Curry,0,3PT Field Goal,26,-120,241,,
Stephen Curry,1,3PT Field Goal,25,225,123,,
Stephen Curry,0,2PT Field Goal,18,111,146,,
Stephen Curry,0,3PT Field Goal,31,-182,252,,
Stephen Curry,1,3PT Field Goal,27,-93,260,,
Stephen Curry,0,2PT Field Goal,16,-10,160,,
Stephen Curry,1,3PT Field Goal,25,0,254,,
Stephen Curry,1,3PT Field Goal,26,108,242,,
Stephen Curry,1,3PT Field Goal,28,218,190,,
Stephen Curry,1,2PT Field Goal,16,83,138,,
Stephen Curry,1,2PT Field Goal,9,39,91,,
Stephen Curry,1,3PT Field Goal,25,-109,228,,
Stephen Curry,1,2PT Field Goal,15,-155,31,,
Stephen Curry,1,3PT Field Goal,27,143,231,,
Stephen Curry,1,3PT Field Goal,28,121,258,,
Stephen Curry,1,2PT Field Goal,16,99,134,,
Stephen Curry,0,3PT Field Goal,26,144,228,,
Stephen Curry,1,3PT Field Goal,26,-32,266,,
Stephen Curry,0,3PT Field Goal,29,-190,225,,
Stephen Curry,0,2PT Field Goal,19,141,140,,
Stephen Curry,0,3PT Field Goal,26,-188,186,,
Stephen Curry,1,2PT Field Goal,20,83,192,,
Stephen Curry,0,3PT Field Goal,25,165,194,,
Stephen Curry,0,3PT Field Goal,22,-228,25,,
Stephen Curry,1,2PT Field Goal,18,59,178,,
Stephen Curry,0,3PT Field Goal,25,113,228,,
Stephen Curry,0,2PT Field Goal,19,110,162,,
Stephen Curry,0,2PT Field Goal,21,45,208,,
Stephen Curry,1,3PT Field Goal,25,-177,187,,
Stephen Curry,1,3PT Field Goal,28,-166,230,,
Stephen Curry,0,3PT Field Goal,23,237,-17,,
Stephen Curry,1,2PT Field Goal,11,48,108,,
Stephen Curry,0,3PT Field Goal,22,-228,25,,
Stephen Curry,1,3PT Field Goal,26,-100,244,,
Stephen Curry,0,2PT Field Goal,19,-175,88,,
Stephen Curry,0,3PT Field Goal,45,21,455,,
Stephen Curry,1,3PT Field Goal,28,114,258,,
Stephen Curry,0,3PT Field Goal,28,182,219,,
Stephen Curry,0,3PT Field Goal,24,-149,197,,
Stephen Curry,1,3PT Field Goal,28,-82,272,,
Stephen Curry,1,3PT Field Goal,25,-183,172,,
Stephen Curry,0,3PT Field Goal,26,200,167,,
Stephen Curry,1,2PT Field Goal,12,2,127,,
Stephen Curry,0,3PT Field Goal,27,94,258,,
Stephen Curry,1,2PT Field Goal,20,-160,124,,
Stephen Curry,0,3PT Field Goal,28,177,217,,
Stephen Curry,0,3PT Field Goal,26,-182,190,,
Stephen Curry,1,3PT Field Goal,26,-142,228,,
Stephen Curry,0,3PT Field Goal,26,-209,156,,
Stephen Curry,0,3PT Field Goal,24,163,187,,
Stephen Curry,0,3PT Field Goal,25,185,178,,
Stephen Curry,0,3PT Field Goal,25,-73,246,,
Stephen Curry,0,3PT Field Goal,26,-146,216,,
Stephen Curry,1,2PT Field Goal,15,43,153,,
Stephen Curry,1,2PT Field Goal,14,-7,149,,
Stephen Curry,1,3PT Field Goal,26,121,236,,
Stephen Curry,1,2PT Field Goal,1,-2,15,,
Stephen Curry,1,2PT Field Goal,0,-8,4,,
Stephen Curry,0,2PT Field Goal,1,12,7,,
Stephen Curry,1,2PT Field Goal,1,9,9,,
Stephen Curry,1,2PT Field Goal,2,23,-3,,
Stephen Curry,1,2PT Field Goal,0,1,1,,
Stephen Curry,1,2PT Field Goal,0,-2,3,,
Stephen Curry,0,2PT Field Goal,0,-2,9,,
Stephen Curry,1,2PT Field Goal,1,-15,7,,
Stephen Curry,1,2PT Field Goal,1,-15,3,,
Stephen Curry,1,2PT Field Goal,1,-5,14,,
Stephen Curry,1,2PT Field Goal,1,4,14,,
Stephen Curry,0,2PT Field Goal,2,28,0,,
Stephen Curry,1,2PT Field Goal,1,9,9,,
Stephen Curry,1,2PT Field Goal,1,-10,6,,
Stephen Curry,1,2PT Field Goal,2,13,17,,
Stephen Curry,1,2PT Field Goal,1,-16,4,,
Stephen Curry,1,2PT Field Goal,2,-2,26,,
Stephen Curry,1,2PT Field Goal,0,-5,-2,,
Stephen Curry,0,2PT Field Goal,1,-16,0,,
Stephen Curry,0,2PT Field Goal,14,-130,55,,
Stephen Curry,1,2PT Field Goal,6,58,37,,
Stephen Curry,1,2PT Field Goal,10,-87,50,,
Stephen Curry,1,2PT Field Goal,11,-79,85,,
Stephen Curry,1,2PT Field Goal,3,-30,17,,
Stephen Curry,1,2PT Field Goal,16,47,159,,
Stephen Curry,1,2PT Field Goal,10,100,37,,
Stephen Curry,1,2PT Field Goal,6,62,12,,
Stephen Curry,0,2PT Field Goal,8,65,60,,
Stephen Curry,1,2PT Field Goal,11,88,80,,
Stephen Curry,1,2PT Field Goal,3,13,30,,
Stephen Curry,1,2PT Field Goal,17,-158,86,,
Stephen Curry,0,2PT Field Goal,10,103,28,,
Stephen Curry,1,2PT Field Goal,4,10,39,,
Stephen Curry,1,2PT Field Goal,7,53,50,,
Stephen Curry,1,2PT Field Goal,12,94,75,,
Stephen Curry,1,2PT Field Goal,7,-60,45,,
Stephen Curry,1,2PT Field Goal,4,-21,36,,
Stephen Curry,1,2PT Field Goal,12,-116,41,,
Stephen Curry,1,2PT Field Goal,9,-86,33,,
Stephen Curry,1,2PT Field Goal,5,51,0,,
Stephen Curry,1,2PT Field Goal,2,10,19,,
Stephen Curry,1,2PT Field Goal,1,18,3,,
Stephen Curry,0,2PT Field Goal,2,-5,22,,
Stephen Curry,1,2PT Field Goal,4,43,4,,
Stephen Curry,0,3PT Field Goal,50,-82,496,,
Stephen Curry,0,2PT Field Goal,14,9,142,,
Stephen Curry,0,2PT Field Goal,6,-37,48,,
Stephen Curry,1,2PT Field Goal,8,-4,80,,
Stephen Curry,1,2PT Field Goal,10,-81,72,,
Stephen Curry,1,2PT Field Goal,8,-79,23,,
Stephen Curry,1,2PT Field Goal,9,-64,75,,
Stephen Curry,0,2PT Field Goal,4,48,1,,
Stephen Curry,0,2PT Field Goal,4,-29,30,,
Stephen Curry,0,2PT Field Goal,11,-43,107,,
Stephen Curry,1,2PT Field Goal,18,-142,121,,
Stephen Curry,0,2PT Field Goal,4,-5,48,,
Stephen Curry,1,2PT Field Goal,6,-41,56,,
Stephen Curry,0,2PT Field Goal,10,100,26,,
Stephen Curry,0,2PT Field Goal,16,94,140,,
Stephen Curry,0,2PT Field Goal,7,42,61,,
Stephen Curry,0,2PT Field Goal,12,45,121,,
Stephen Curry,1,2PT Field Goal,10,-100,36,,
Stephen Curry,1,2PT Field Goal,11,26,108,,
Stephen Curry,0,2PT Field Goal,7,65,37,,
Stephen Curry,1,2PT Field Goal,10,-89,58,,
Stephen Curry,1,2PT Field Goal,19,110,164,,
Stephen Curry,1,2PT Field Goal,11,-30,112,,
Stephen Curry,1,2PT Field Goal,2,21,19,,
Stephen Curry,1,2PT Field Goal,0,-5,0,,
Stephen Curry,1,2PT Field Goal,3,-35,9,,
Stephen Curry,0,2PT Field Goal,1,-8,11,,
Stephen Curry,1,2PT Field Goal,0,-2,9,,
Stephen Curry,0,2PT Field Goal,2,21,19,,
Stephen Curry,1,2PT Field Goal,4,-43,11,,
Stephen Curry,1,2PT Field Goal,3,12,28,,
Stephen Curry,1,2PT Field Goal,1,-18,4,,
Stephen Curry,1,2PT Field Goal,0,0,1,,
Stephen Curry,0,2PT Field Goal,21,-210,31,,
Stephen Curry,1,3PT Field Goal,23,-234,37,,
Stephen Curry,0,3PT Field Goal,27,-190,194,,
Stephen Curry,1,3PT Field Goal,28,-210,190,,
Stephen Curry,1,3PT Field Goal,25,0,252,,
Stephen Curry,0,3PT Field Goal,29,192,224,,
Stephen Curry,0,2PT Field Goal,5,-46,22,,
Stephen Curry,0,2PT Field Goal,17,20,172,,
Stephen Curry,0,3PT Field Goal,27,189,201,,
Stephen Curry,1,2PT Field Goal,17,-123,129,,
Stephen Curry,0,2PT Field Goal,17,129,118,,
Stephen Curry,1,2PT Field Goal,21,-98,189,,
Stephen Curry,0,3PT Field Goal,23,237,19,,
Stephen Curry,1,3PT Field Goal,26,133,224,,
Stephen Curry,1,2PT Field Goal,18,124,132,,
Stephen Curry,0,3PT Field Goal,26,99,249,,
Stephen Curry,1,3PT Field Goal,27,165,220,,
Stephen Curry,0,3PT Field Goal,26,-166,206,,
Stephen Curry,1,2PT Field Goal,18,-166,83,,
Stephen Curry,1,3PT Field Goal,27,-201,190,,
Stephen Curry,1,2PT Field Goal,21,116,181,,
Stephen Curry,1,2PT Field Goal,17,176,34,,
Stephen Curry,0,2PT Field Goal,14,-11,149,,
Stephen Curry,0,3PT Field Goal,25,31,258,,
Stephen Curry,0,3PT Field Goal,24,234,66,,
Stephen Curry,1,3PT Field Goal,24,-202,145,,
Stephen Curry,1,3PT Field Goal,27,54,268,,
Stephen Curry,0,2PT Field Goal,19,195,20,,
Stephen Curry,1,2PT Field Goal,21,138,159,,
Stephen Curry,1,3PT Field Goal,27,-190,200,,
Stephen Curry,1,3PT Field Goal,24,233,82,,
Stephen Curry,0,2PT Field Goal,19,105,165,,
Stephen Curry,1,3PT Field Goal,24,-158,187,,
Stephen Curry,0,3PT Field Goal,24,17,242,,
Stephen Curry,1,2PT Field Goal,18,179,19,,
Stephen Curry,0,3PT Field Goal,25,-52,246,,
Stephen Curry,1,3PT Field Goal,24,-218,113,,
Stephen Curry,1,3PT Field Goal,27,187,206,,
Stephen Curry,0,3PT Field Goal,25,0,254,,
Stephen Curry,0,2PT Field Goal,20,-202,42,,
Stephen Curry,0,3PT Field Goal,26,-183,197,,
Stephen Curry,1,3PT Field Goal,26,166,203,,
Stephen Curry,1,3PT Field Goal,24,-174,172,,
Stephen Curry,0,2PT Field Goal,21,75,206,,
Stephen Curry,0,3PT Field Goal,25,-204,146,,
Stephen Curry,1,3PT Field Goal,26,99,250,,
Stephen Curry,0,2PT Field Goal,22,99,203,,
Stephen Curry,0,2PT Field Goal,18,-185,28,,
Stephen Curry,1,2PT Field Goal,16,-160,4,,
Stephen Curry,0,2PT Field Goal,16,-152,56,,
Stephen Curry,1,3PT Field Goal,27,-71,263,,
Stephen Curry,1,3PT Field Goal,25,200,157,,
Stephen Curry,1,3PT Field Goal,25,-196,156,,
Stephen Curry,0,3PT Field Goal,26,113,241,,
Stephen Curry,0,3PT Field Goal,24,177,173,,
Stephen Curry,0,2PT Field Goal,21,147,160,,
Stephen Curry,1,2PT Field Goal,19,73,183,,
Stephen Curry,0,3PT Field Goal,25,-119,227,,
Stephen Curry,0,2PT Field Goal,21,135,168,,
Stephen Curry,0,2PT Field Goal,16,-146,86,,
Stephen Curry,0,2PT Field Goal,21,-68,205,,
Stephen Curry,0,3PT Field Goal,24,95,225,,
Stephen Curry,1,3PT Field Goal,25,0,255,,
Stephen Curry,0,2PT Field Goal,18,-171,63,,
Stephen Curry,0,2PT Field Goal,15,-157,28,,
Stephen Curry,0,3PT Field Goal,27,-15,272,,
Stephen Curry,1,2PT Field Goal,14,-73,126,,
Stephen Curry,1,2PT Field Goal,20,94,187,,
Stephen Curry,0,2PT Field Goal,22,163,157,,
Stephen Curry,0,2PT Field Goal,22,157,156,,
Stephen Curry,1,2PT Field Goal,16,-97,138,,
Stephen Curry,1,2PT Field Goal,22,-185,135,,
Stephen Curry,0,3PT Field Goal,25,34,254,,
Stephen Curry,0,2PT Field Goal,20,203,41,,
Stephen Curry,0,2PT Field Goal,19,-136,138,,
Stephen Curry,0,3PT Field Goal,27,157,230,,
Stephen Curry,1,2PT Field Goal,20,28,206,,
Stephen Curry,1,3PT Field Goal,26,-130,228,,
Stephen Curry,0,3PT Field Goal,26,105,246,,
Stephen Curry,0,2PT Field Goal,20,89,183,,
Stephen Curry,1,3PT Field Goal,25,129,225,,
Stephen Curry,0,2PT Field Goal,15,152,23,,
Stephen Curry,0,2PT Field Goal,21,207,61,,
Stephen Curry,1,3PT Field Goal,24,204,137,,
Stephen Curry,1,3PT Field Goal,28,-193,206,,
Stephen Curry,0,3PT Field Goal,26,88,252,,
Stephen Curry,1,3PT Field Goal,28,-125,255,,
Stephen Curry,1,2PT Field Goal,18,173,56,,
Stephen Curry,0,3PT Field Goal,24,-201,148,,
Stephen Curry,0,3PT Field Goal,26,-205,164,,
Stephen Curry,1,2PT Field Goal,9,-92,36,,
Stephen Curry,0,2PT Field Goal,20,1,201,,
Stephen Curry,0,3PT Field Goal,27,99,260,,
Stephen Curry,0,3PT Field Goal,26,157,217,,
Stephen Curry,1,3PT Field Goal,25,163,197,,
Stephen Curry,1,3PT Field Goal,25,-117,224,,
Stephen Curry,1,3PT Field Goal,26,69,257,,
Stephen Curry,1,3PT Field Goal,25,151,209,,
Stephen Curry,1,3PT Field Goal,27,97,261,,
Stephen Curry,0,2PT Field Goal,19,149,132,,
Stephen Curry,1,3PT Field Goal,25,149,211,,
Stephen Curry,1,3PT Field Goal,27,159,224,,
Stephen Curry,1,2PT Field Goal,18,-153,108,,
Stephen Curry,0,2PT Field Goal,10,105,20,,
Stephen Curry,0,2PT Field Goal,12,103,63,,
Stephen Curry,1,2PT Field Goal,6,48,45,,
Stephen Curry,1,2PT Field Goal,6,-38,53,,
Stephen Curry,0,2PT Field Goal,13,-127,53,,
Stephen Curry,0,2PT Field Goal,17,-108,140,,
Stephen Curry,0,3PT Field Goal,33,141,299,,
Stephen Curry,0,2PT Field Goal,16,154,71,,
Stephen Curry,1,2PT Field Goal,12,121,14,,
Stephen Curry,0,2PT Field Goal,10,103,15,,
Stephen Curry,0,2PT Field Goal,3,28,17,,
Stephen Curry,0,3PT Field Goal,26,-89,246,,
Stephen Curry,0,2PT Field Goal,18,-111,151,,
Stephen Curry,0,2PT Field Goal,14,140,26,,
Stephen Curry,0,2PT Field Goal,9,-2,96,,
Stephen Curry,1,2PT Field Goal,14,-73,126,,
Stephen Curry,0,2PT Field Goal,20,190,83,,
Stephen Curry,0,2PT Field Goal,17,-67,159,,
,653,,17.12,,,,
